{"mean":{"confidence_interval":{"confidence_level":0.95,"lower_bound":11626789.756833334,"upper_bound":11718171.183833335},"point_estimate":11660591.183333332,"standard_error":25740.11078486558},"median":{"confidence_interval":{"confidence_level":0.95,"lower_bound":11627313.5,"upper_bound":11635779.333333334},"point_estimate":11632952.166666666,"standard_error":1872.1499744329521},"median_abs_dev":{"confidence_interval":{"confidence_level":0.95,"lower_bound":13101.73596739769,"upper_bound":24630.92756271316},"point_estimate":18868.555665015254,"standard_error":3112.633302474482},"slope":null,"std_dev":{"confidence_interval":{"confidence_level":0.95,"lower_bound":40157.18061658008,"upper_bound":439455.370441956},"point_estimate":260053.08664324868,"standard_error":135381.52851028566}}