{"mean":{"confidence_interval":{"confidence_level":0.95,"lower_bound":72971693.83275001,"upper_bound":73101148.31325},"point_estimate":73026738.11,"standard_error":33664.2397432067},"median":{"confidence_interval":{"confidence_level":0.95,"lower_bound":72946093.0,"upper_bound":73011452.0},"point_estimate":72976078.0,"standard_error":15185.211891493536},"median_abs_dev":{"confidence_interval":{"confidence_level":0.95,"lower_bound":85695.76107859612,"upper_bound":136325.8088797331},"point_estimate":113263.96628916264,"standard_error":12812.057500200506},"slope":null,"std_dev":{"confidence_interval":{"confidence_level":0.95,"lower_bound":93231.25297551107,"upper_bound":517511.6934410071},"point_estimate":339378.8935344753,"standard_error":116400.90506042569}}