{"mean":{"confidence_interval":{"confidence_level":0.95,"lower_bound":31833589.928375,"upper_bound":31863151.997375},"point_estimate":31847583.695,"standard_error":7495.782324274204},"median":{"confidence_interval":{"confidence_level":0.95,"lower_bound":31829984.0,"upper_bound":31855164.5},"point_estimate":31842859.5,"standard_error":6277.917894808691},"median_abs_dev":{"confidence_interval":{"confidence_level":0.95,"lower_bound":37933.061626553535,"upper_bound":63596.49652093649},"point_estimate":54144.921688735485,"standard_error":6486.418898023645},"slope":null,"std_dev":{"confidence_interval":{"confidence_level":0.95,"lower_bound":49965.82183961526,"upper_bound":104693.96990258824},"point_estimate":75582.53357950797,"standard_error":15014.531603045134}}