{"mean":{"confidence_interval":{"confidence_level":0.95,"lower_bound":121628719.58950001,"upper_bound":122925292.97925},"point_estimate":122191860.07,"standard_error":333233.3161977534},"median":{"confidence_interval":{"confidence_level":0.95,"lower_bound":120779450.0,"upper_bound":122070136.5},"point_estimate":121082427.5,"standard_error":314055.8080782985},"median_abs_dev":{"confidence_interval":{"confidence_level":0.95,"lower_bound":613235.9663128853,"upper_bound":2079297.574350088},"point_estimate":1124627.6926338673,"standard_error":365129.5832506164},"slope":null,"std_dev":{"confidence_interval":{"confidence_level":0.95,"lower_bound":1420204.235488056,"upper_bound":4970548.027231516},"point_estimate":3338369.8943804144,"standard_error":955958.0337278835}}