{"mean":{"confidence_interval":{"confidence_level":0.95,"lower_bound":1395164.2962142853,"upper_bound":1402917.453202381},"point_estimate":1398528.6723809522,"standard_error":1998.6899082865068},"median":{"confidence_interval":{"confidence_level":0.95,"lower_bound":1391880.0476190476,"upper_bound":1393085.0},"point_estimate":1392429.3333333333,"standard_error":306.4210466311863},"median_abs_dev":{"confidence_interval":{"confidence_level":0.95,"lower_bound":2125.448262265964,"upper_bound":4838.570914098269},"point_estimate":3175.234943628081,"standard_error":671.9565353958512},"slope":null,"std_dev":{"confidence_interval":{"confidence_level":0.95,"lower_bound":10092.399253534408,"upper_bound":30702.191624812287},"point_estimate":20224.332548576236,"standard_error":6377.1130263926225}}