{"mean":{"confidence_interval":{"confidence_level":0.95,"lower_bound":15260399.919999994,"upper_bound":15447362.813333333},"point_estimate":15348079.00666667,"standard_error":48037.13323281757},"median":{"confidence_interval":{"confidence_level":0.95,"lower_bound":15136298.833333334,"upper_bound":15229956.666666666},"point_estimate":15167283.666666668,"standard_error":26702.43695245198},"median_abs_dev":{"confidence_interval":{"confidence_level":0.95,"lower_bound":120540.31985998245,"upper_bound":231315.24789333344},"point_estimate":157865.26839733307,"standard_error":29159.088055587174},"slope":null,"std_dev":{"confidence_interval":{"confidence_level":0.95,"lower_bound":327640.2303937652,"upper_bound":607865.1237153779},"point_estimate":480784.08445373666,"standard_error":71962.90068283245}}