{"mean":{"confidence_interval":{"confidence_level":0.95,"lower_bound":15335677.259583337,"upper_bound":15542006.56233333},"point_estimate":15432330.543333333,"standard_error":52793.065522003475},"median":{"confidence_interval":{"confidence_level":0.95,"lower_bound":15196476.333333334,"upper_bound":15275290.166666666},"point_estimate":15216600.166666668,"standard_error":20209.843568320437},"median_abs_dev":{"confidence_interval":{"confidence_level":0.95,"lower_bound":103379.47226464748,"upper_bound":226549.18317794616},"point_estimate":137494.34475898926,"standard_error":31335.977298923157},"slope":null,"std_dev":{"confidence_interval":{"confidence_level":0.95,"lower_bound":364120.880237071,"upper_bound":672485.5918227925},"point_estimate":531681.121393026,"standard_error":78610.31033746462}}