{"mean":{"confidence_interval":{"confidence_level":0.95,"lower_bound":31742625.945,"upper_bound":31783122.178125},"point_estimate":31762279.555,"standard_error":10365.678090247962},"median":{"confidence_interval":{"confidence_level":0.95,"lower_bound":31717259.0,"upper_bound":31749707.25},"point_estimate":31737031.75,"standard_error":7606.279043978055},"median_abs_dev":{"confidence_interval":{"confidence_level":0.95,"lower_bound":48237.780081108256,"upper_bound":104471.03649526834},"point_estimate":77465.47797471285,"standard_error":14872.37702442303},"slope":null,"std_dev":{"confidence_interval":{"confidence_level":0.95,"lower_bound":83521.3162943238,"upper_bound":123865.6815999471},"point_estimate":104638.02282956848,"standard_error":10305.43801894962}}