{"mean":{"confidence_interval":{"confidence_level":0.95,"lower_bound":31737925.5945,"upper_bound":31764591.50575},"point_estimate":31751547.0,"standard_error":6809.44162934196},"median":{"confidence_interval":{"confidence_level":0.95,"lower_bound":31743690.0,"upper_bound":31771709.5},"point_estimate":31758022.25,"standard_error":6830.899390358774},"median_abs_dev":{"confidence_interval":{"confidence_level":0.95,"lower_bound":42128.44890207052,"upper_bound":71550.64537972212},"point_estimate":55023.73282313347,"standard_error":7407.133403229927},"slope":null,"std_dev":{"confidence_interval":{"confidence_level":0.95,"lower_bound":55011.50645978968,"upper_bound":80825.91558580712},"point_estimate":68404.2492896738,"standard_error":6594.692723809369}}