{"mean":{"confidence_interval":{"confidence_level":0.95,"lower_bound":289378564.80525,"upper_bound":290438685.36},"point_estimate":289870563.21,"standard_error":271472.7328068089},"median":{"confidence_interval":{"confidence_level":0.95,"lower_bound":288878538.0,"upper_bound":289361272.5},"point_estimate":289074667.5,"standard_error":124603.3090848134},"median_abs_dev":{"confidence_interval":{"confidence_level":0.95,"lower_bound":784346.5357750654,"upper_bound":1673660.408386588},"point_estimate":1295961.393392086,"standard_error":221922.12193644655},"slope":null,"std_dev":{"confidence_interval":{"confidence_level":0.95,"lower_bound":1734616.6181612378,"upper_bound":3696316.5576010444},"point_estimate":2732207.4854076663,"standard_error":512799.5985852696}}