{"mean":{"confidence_interval":{"confidence_level":0.95,"lower_bound":290824218.5325,"upper_bound":291825363.1125},"point_estimate":291287356.5,"standard_error":257573.98768975722},"median":{"confidence_interval":{"confidence_level":0.95,"lower_bound":290440203.0,"upper_bound":290826553.0},"point_estimate":290685637.0,"standard_error":91091.11416486457},"median_abs_dev":{"confidence_interval":{"confidence_level":0.95,"lower_bound":550969.7326183319,"upper_bound":909789.3195480108},"point_estimate":714613.1873130798,"standard_error":90701.05729057486},"slope":null,"std_dev":{"confidence_interval":{"confidence_level":0.95,"lower_bound":1613671.4859645797,"upper_bound":3378653.2745594736},"point_estimate":2592019.503851648,"standard_error":452139.5704802816}}