{"mean":{"confidence_interval":{"confidence_level":0.95,"lower_bound":1379278.1976190475,"upper_bound":1387939.2371666664},"point_estimate":1383125.4190476192,"standard_error":2231.852250126992},"median":{"confidence_interval":{"confidence_level":0.95,"lower_bound":1375646.238095238,"upper_bound":1376897.6904761903},"point_estimate":1376380.4761904762,"standard_error":355.7901859511159},"median_abs_dev":{"confidence_interval":{"confidence_level":0.95,"lower_bound":2735.749951430746,"upper_bound":4896.745313065483},"point_estimate":4018.1989286627254,"standard_error":545.0314706720663},"slope":null,"std_dev":{"confidence_interval":{"confidence_level":0.95,"lower_bound":11678.875350711143,"upper_bound":33422.61399672708},"point_estimate":22517.628249090136,"standard_error":6340.589222464992}}