{"mean":{"confidence_interval":{"confidence_level":0.95,"lower_bound":15275848.703333337,"upper_bound":15523145.83341666},"point_estimate":15388387.92333333,"standard_error":63463.95215234966},"median":{"confidence_interval":{"confidence_level":0.95,"lower_bound":15148993.666666666,"upper_bound":15216817.0},"point_estimate":15179336.666666666,"standard_error":18206.08228372598},"median_abs_dev":{"confidence_interval":{"confidence_level":0.95,"lower_bound":129539.25692021949,"upper_bound":236236.9856059556},"point_estimate":173683.868816494,"standard_error":28267.618639548156},"slope":null,"std_dev":{"confidence_interval":{"confidence_level":0.95,"lower_bound":354442.36853404745,"upper_bound":890651.0601955355},"point_estimate":638391.7232314369,"standard_error":139293.96901601693}}