{"mean":{"confidence_interval":{"confidence_level":0.95,"lower_bound":11800169.916666666,"upper_bound":11903810.994583335},"point_estimate":11839788.036666665,"standard_error":27922.393691063065},"median":{"confidence_interval":{"confidence_level":0.95,"lower_bound":11784560.666666666,"upper_bound":11804061.0},"point_estimate":11796767.833333332,"standard_error":4924.269205238155},"median_abs_dev":{"confidence_interval":{"confidence_level":0.95,"lower_bound":29607.52147436142,"upper_bound":58273.591965436935},"point_estimate":45654.442289471626,"standard_error":7268.550387319278},"slope":null,"std_dev":{"confidence_interval":{"confidence_level":0.95,"lower_bound":67312.95213662997,"upper_bound":467996.8182324588},"point_estimate":281907.85948806454,"standard_error":132076.32621437372}}