{"mean":{"confidence_interval":{"confidence_level":0.95,"lower_bound":2974797.3857750003,"upper_bound":2988575.797449999},"point_estimate":2980688.375,"standard_error":3544.229880516767},"median":{"confidence_interval":{"confidence_level":0.95,"lower_bound":2968217.0,"upper_bound":2983173.9},"point_estimate":2977690.7,"standard_error":3193.87109775225},"median_abs_dev":{"confidence_interval":{"confidence_level":0.95,"lower_bound":16544.481366276188,"upper_bound":24330.577518045902},"point_estimate":20825.414660275397,"standard_error":2009.4263677832355},"slope":null,"std_dev":{"confidence_interval":{"confidence_level":0.95,"lower_bound":16734.23137285889,"upper_bound":55188.02516150587},"point_estimate":35626.37275872907,"standard_error":12050.289683611163}}