{"mean":{"confidence_interval":{"confidence_level":0.95,"lower_bound":3020016.118275001,"upper_bound":3032338.3555999985},"point_estimate":3025369.0549999992,"standard_error":3186.7347026567386},"median":{"confidence_interval":{"confidence_level":0.95,"lower_bound":3017253.0,"upper_bound":3021116.0},"point_estimate":3019304.1,"standard_error":1029.5339442015631},"median_abs_dev":{"confidence_interval":{"confidence_level":0.95,"lower_bound":5009.705311059952,"upper_bound":9792.128046155252},"point_estimate":6274.437218606541,"standard_error":1300.244162362172},"slope":null,"std_dev":{"confidence_interval":{"confidence_level":0.95,"lower_bound":14401.180675603573,"upper_bound":48571.525705503365},"point_estimate":32020.916422151615,"standard_error":9678.260621204028}}