{"mean":{"confidence_interval":{"confidence_level":0.95,"lower_bound":31850676.71,"upper_bound":31876249.581},"point_estimate":31863671.785,"standard_error":6517.327666018172},"median":{"confidence_interval":{"confidence_level":0.95,"lower_bound":31856179.5,"upper_bound":31885719.5},"point_estimate":31869426.75,"standard_error":7715.744640443356},"median_abs_dev":{"confidence_interval":{"confidence_level":0.95,"lower_bound":49859.83711481094,"upper_bound":86910.01045703888},"point_estimate":68173.65328967571,"standard_error":9541.935888832842},"slope":null,"std_dev":{"confidence_interval":{"confidence_level":0.95,"lower_bound":57466.74344248755,"upper_bound":73604.7350773708},"point_estimate":66131.23465451541,"standard_error":4122.707291949895}}