{"mean":{"confidence_interval":{"confidence_level":0.95,"lower_bound":73038483.01475,"upper_bound":73087761.92650001},"point_estimate":73063537.58,"standard_error":12585.853519915378},"median":{"confidence_interval":{"confidence_level":0.95,"lower_bound":73046282.0,"upper_bound":73109637.5},"point_estimate":73082738.5,"standard_error":16015.432475069654},"median_abs_dev":{"confidence_interval":{"confidence_level":0.95,"lower_bound":91809.09527756275,"upper_bound":142624.63486790657},"point_estimate":114493.04166734219,"standard_error":12703.00382228332},"slope":null,"std_dev":{"confidence_interval":{"confidence_level":0.95,"lower_bound":103738.95038783147,"upper_bound":148232.10018202977},"point_estimate":126522.89304305143,"standard_error":11402.07108182253}}