{"mean":{"confidence_interval":{"confidence_level":0.95,"lower_bound":33631321.417375,"upper_bound":33938622.045},"point_estimate":33772807.83,"standard_error":78650.89854902655},"median":{"confidence_interval":{"confidence_level":0.95,"lower_bound":33407918.5,"upper_bound":33542938.0},"point_estimate":33461155.0,"standard_error":32611.02824745966},"median_abs_dev":{"confidence_interval":{"confidence_level":0.95,"lower_bound":172778.86508256197,"upper_bound":347743.0825263262},"point_estimate":243667.15892404318,"standard_error":45078.68457846675},"slope":null,"std_dev":{"confidence_interval":{"confidence_level":0.95,"lower_bound":521205.4508307917,"upper_bound":1077538.0236732787},"point_estimate":789355.487326154,"standard_error":151845.51752346722}}