{"mean":{"confidence_interval":{"confidence_level":0.95,"lower_bound":72918309.3335,"upper_bound":72968325.71025},"point_estimate":72943142.36,"standard_error":12748.478924032173},"median":{"confidence_interval":{"confidence_level":0.95,"lower_bound":72922046.5,"upper_bound":72990614.0},"point_estimate":72956807.0,"standard_error":16627.795291040104},"median_abs_dev":{"confidence_interval":{"confidence_level":0.95,"lower_bound":87264.35185074806,"upper_bound":150217.02933311462},"point_estimate":118406.36429786682,"standard_error":15982.527487790805},"slope":null,"std_dev":{"confidence_interval":{"confidence_level":0.95,"lower_bound":107408.18392780692,"upper_bound":146288.95097775},"point_estimate":127330.17744189412,"standard_error":9905.519336787902}}