{"mean":{"confidence_interval":{"confidence_level":0.95,"lower_bound":289019724.22775,"upper_bound":289150256.52625},"point_estimate":289086469.52,"standard_error":33284.78265158505},"median":{"confidence_interval":{"confidence_level":0.95,"lower_bound":289090628.5,"upper_bound":289211972.5},"point_estimate":289144969.0,"standard_error":32058.945858570605},"median_abs_dev":{"confidence_interval":{"confidence_level":0.95,"lower_bound":198142.073482275,"upper_bound":396544.3432599306},"point_estimate":289574.0138590336,"standard_error":50302.4918022176},"slope":null,"std_dev":{"confidence_interval":{"confidence_level":0.95,"lower_bound":285493.0273736953,"upper_bound":378731.1387727935},"point_estimate":335259.7129590181,"standard_error":23748.38294628097}}