{"mean":{"confidence_interval":{"confidence_level":0.95,"lower_bound":1374153.733333334,"upper_bound":1382707.2697142863},"point_estimate":1377810.9004761905,"standard_error":2212.3556333578135},"median":{"confidence_interval":{"confidence_level":0.95,"lower_bound":1370319.142857143,"upper_bound":1371986.761904762},"point_estimate":1371248.9523809524,"standard_error":400.26074427949925},"median_abs_dev":{"confidence_interval":{"confidence_level":0.95,"lower_bound":2166.3256615399737,"upper_bound":4632.221237761791},"point_estimate":3113.389344726356,"standard_error":625.8035855792475},"slope":null,"std_dev":{"confidence_interval":{"confidence_level":0.95,"lower_bound":10816.84695449249,"upper_bound":33936.516916519446},"point_estimate":22232.13646262866,"standard_error":7165.487563734166}}