{"mean":{"confidence_interval":{"confidence_level":0.95,"lower_bound":2969107.8579249987,"upper_bound":2987057.601774998},"point_estimate":2975971.9969999995,"standard_error":4770.121844694815},"median":{"confidence_interval":{"confidence_level":0.95,"lower_bound":2969355.1,"upper_bound":2971885.25},"point_estimate":2970699.4,"standard_error":731.9753575784625},"median_abs_dev":{"confidence_interval":{"confidence_level":0.95,"lower_bound":3551.4199769502443,"upper_bound":8913.316911756923},"point_estimate":5514.8271220925235,"standard_error":1345.716779984302},"slope":null,"std_dev":{"confidence_interval":{"confidence_level":0.95,"lower_bound":9967.673918827653,"upper_bound":78882.76047950903},"point_estimate":47563.48760375774,"standard_error":21932.470227594833}}