{"mean":{"confidence_interval":{"confidence_level":0.95,"lower_bound":289615250.12,"upper_bound":289875825.71},"point_estimate":289740881.37,"standard_error":66438.04869150613},"median":{"confidence_interval":{"confidence_level":0.95,"lower_bound":289629542.0,"upper_bound":289872633.0},"point_estimate":289712152.5,"standard_error":61043.47905621072},"median_abs_dev":{"confidence_interval":{"confidence_level":0.95,"lower_bound":437427.0375341177,"upper_bound":711572.374767065},"point_estimate":575300.6807863712,"standard_error":69565.1761291974},"slope":null,"std_dev":{"confidence_interval":{"confidence_level":0.95,"lower_bound":497283.50558835035,"upper_bound":863309.6628114185},"point_estimate":668668.321661018,"standard_error":97715.3803562721}}