{"mean":{"confidence_interval":{"confidence_level":0.95,"lower_bound":120796511.2095,"upper_bound":121551421.9175},"point_estimate":121154520.56,"standard_error":192419.54155069235},"median":{"confidence_interval":{"confidence_level":0.95,"lower_bound":120155732.0,"upper_bound":120766133.0},"point_estimate":120360738.0,"standard_error":153162.89734879232},"median_abs_dev":{"confidence_interval":{"confidence_level":0.95,"lower_bound":712699.8920470476,"upper_bound":1604910.9132671345},"point_estimate":1135479.5831412077,"standard_error":231661.9520359178},"slope":null,"std_dev":{"confidence_interval":{"confidence_level":0.95,"lower_bound":1370808.0583608758,"upper_bound":2474103.0457127625},"point_estimate":1940991.852360495,"standard_error":283754.2169478873}}