{"mean":{"confidence_interval":{"confidence_level":0.95,"lower_bound":120960487.17125,"upper_bound":121499435.63575},"point_estimate":121220984.1,"standard_error":137743.94053463417},"median":{"confidence_interval":{"confidence_level":0.95,"lower_bound":120525122.0,"upper_bound":121190876.5},"point_estimate":120846337.0,"standard_error":179386.77297342892},"median_abs_dev":{"confidence_interval":{"confidence_level":0.95,"lower_bound":876222.5148439407,"upper_bound":1645116.800653338},"point_estimate":1276686.8524342775,"standard_error":189111.36526946467},"slope":null,"std_dev":{"confidence_interval":{"confidence_level":0.95,"lower_bound":1124227.582756916,"upper_bound":1665801.8236320638},"point_estimate":1388035.2899741875,"standard_error":140099.64060660228}}