{"mean":{"confidence_interval":{"confidence_level":0.95,"lower_bound":33804879.015,"upper_bound":34310474.42},"point_estimate":34026508.745,"standard_error":129918.06638345931},"median":{"confidence_interval":{"confidence_level":0.95,"lower_bound":33524258.0,"upper_bound":33767143.0},"point_estimate":33594470.25,"standard_error":52116.8915089243},"median_abs_dev":{"confidence_interval":{"confidence_level":0.95,"lower_bound":270798.451188617,"upper_bound":568242.7636116743},"point_estimate":399587.0090559125,"standard_error":70143.04363515363},"slope":null,"std_dev":{"confidence_interval":{"confidence_level":0.95,"lower_bound":624493.2239501108,"upper_bound":1959263.002002292},"point_estimate":1305421.8804342884,"standard_error":374098.30327369226}}