{"mean":{"confidence_interval":{"confidence_level":0.95,"lower_bound":31824211.394874997,"upper_bound":31849047.18},"point_estimate":31836533.61,"standard_error":6280.62145572449},"median":{"confidence_interval":{"confidence_level":0.95,"lower_bound":31820017.0,"upper_bound":31852044.5},"point_estimate":31835819.75,"standard_error":9067.320083620349},"median_abs_dev":{"confidence_interval":{"confidence_level":0.95,"lower_bound":49778.66476625204,"upper_bound":77610.77277213335},"point_estimate":65687.33313381672,"standard_error":7060.054733595596},"slope":null,"std_dev":{"confidence_interval":{"confidence_level":0.95,"lower_bound":54445.1664374932,"upper_bound":70935.32105472454},"point_estimate":63090.33208350524,"standard_error":4217.083584980198}}