{"mean":{"confidence_interval":{"confidence_level":0.95,"lower_bound":33646536.734875,"upper_bound":33922235.975},"point_estimate":33777043.12,"standard_error":70368.2013774258},"median":{"confidence_interval":{"confidence_level":0.95,"lower_bound":33404438.5,"upper_bound":33580778.0},"point_estimate":33498015.25,"standard_error":38769.12479817667},"median_abs_dev":{"confidence_interval":{"confidence_level":0.95,"lower_bound":160452.1489851551,"upper_bound":353170.13972997665},"point_estimate":240480.31028062105,"standard_error":45885.68945894161},"slope":null,"std_dev":{"confidence_interval":{"confidence_level":0.95,"lower_bound":518316.1540332218,"upper_bound":887547.465359141},"point_estimate":709684.251311053,"standard_error":95071.04371255869}}