{"mean":{"confidence_interval":{"confidence_level":0.95,"lower_bound":290574146.17775,"upper_bound":290825297.27},"point_estimate":290695044.84,"standard_error":63918.28277571685},"median":{"confidence_interval":{"confidence_level":0.95,"lower_bound":290489652.0,"upper_bound":290741323.0},"point_estimate":290602066.5,"standard_error":65243.05130278487},"median_abs_dev":{"confidence_interval":{"confidence_level":0.95,"lower_bound":435594.54396665096,"upper_bound":679460.7419371605},"point_estimate":544477.4273335934,"standard_error":61822.73965428744},"slope":null,"std_dev":{"confidence_interval":{"confidence_level":0.95,"lower_bound":485748.64515219245,"upper_bound":785985.2460181102},"point_estimate":642787.3746266398,"standard_error":76781.40382631405}}