{"mean":{"confidence_interval":{"confidence_level":0.95,"lower_bound":11589994.380000003,"upper_bound":11683752.641},"point_estimate":11624357.77,"standard_error":26776.007087306047},"median":{"confidence_interval":{"confidence_level":0.95,"lower_bound":11582275.166666668,"upper_bound":11595822.666666666},"point_estimate":11587262.5,"standard_error":3622.286026942679},"median_abs_dev":{"confidence_interval":{"confidence_level":0.95,"lower_bound":19417.61185526848,"upper_bound":38740.33731222153},"point_estimate":31830.927234887156,"standard_error":5090.747249727386},"slope":null,"std_dev":{"confidence_interval":{"confidence_level":0.95,"lower_bound":38092.81001821535,"upper_bound":457709.1120599742},"point_estimate":270148.59102341527,"standard_error":143984.5450633342}}