{"mean":{"confidence_interval":{"confidence_level":0.95,"lower_bound":72639941.81,"upper_bound":72709044.19},"point_estimate":72674815.95,"standard_error":17669.99452109061},"median":{"confidence_interval":{"confidence_level":0.95,"lower_bound":72636207.5,"upper_bound":72716722.0},"point_estimate":72685263.0,"standard_error":23422.296561278603},"median_abs_dev":{"confidence_interval":{"confidence_level":0.95,"lower_bound":139758.76911878586,"upper_bound":217610.09373664856},"point_estimate":187451.0450720787,"standard_error":21042.718042502438},"slope":null,"std_dev":{"confidence_interval":{"confidence_level":0.95,"lower_bound":151467.94966920064,"upper_bound":200860.93130569442},"point_estimate":177443.77351892018,"standard_error":12591.07486394381}}