{"mean":{"confidence_interval":{"confidence_level":0.95,"lower_bound":72633491.559,"upper_bound":72689115.67325},"point_estimate":72660747.8,"standard_error":14195.313852230543},"median":{"confidence_interval":{"confidence_level":0.95,"lower_bound":72626774.0,"upper_bound":72676194.0},"point_estimate":72657943.0,"standard_error":13700.90078878221},"median_abs_dev":{"confidence_interval":{"confidence_level":0.95,"lower_bound":86567.52986311913,"upper_bound":140861.11926421523},"point_estimate":121890.4742360115,"standard_error":14366.077920739483},"slope":null,"std_dev":{"confidence_interval":{"confidence_level":0.95,"lower_bound":116369.45853550396,"upper_bound":166690.11300592992},"point_estimate":142781.75193418076,"standard_error":12836.553674823715}}