{"mean":{"confidence_interval":{"confidence_level":0.95,"lower_bound":31778491.36,"upper_bound":31823956.1755},"point_estimate":31800167.975,"standard_error":11620.606892906126},"median":{"confidence_interval":{"confidence_level":0.95,"lower_bound":31751795.0,"upper_bound":31797849.75},"point_estimate":31771849.75,"standard_error":13225.747330690196},"median_abs_dev":{"confidence_interval":{"confidence_level":0.95,"lower_bound":67095.43245881796,"upper_bound":117385.58494973919},"point_estimate":89137.24626749754,"standard_error":13489.078868831022},"slope":null,"std_dev":{"confidence_interval":{"confidence_level":0.95,"lower_bound":86142.12762239935,"upper_bound":145265.77853798989},"point_estimate":116419.90288750127,"standard_error":15152.49033134195}}