{"mean":{"confidence_interval":{"confidence_level":0.95,"lower_bound":72657355.1945,"upper_bound":72721764.81424999},"point_estimate":72689591.3,"standard_error":16450.934456391944},"median":{"confidence_interval":{"confidence_level":0.95,"lower_bound":72672434.0,"upper_bound":72735693.0},"point_estimate":72707782.0,"standard_error":15483.815938058244},"median_abs_dev":{"confidence_interval":{"confidence_level":0.95,"lower_bound":129743.80629658699,"upper_bound":212188.2626979053},"point_estimate":174554.6492010355,"standard_error":20173.53402724434},"slope":null,"std_dev":{"confidence_interval":{"confidence_level":0.95,"lower_bound":138240.31619109045,"upper_bound":193946.6049226863},"point_estimate":166269.472394646,"standard_error":14281.378788074102}}