{"mean":{"confidence_interval":{"confidence_level":0.95,"lower_bound":290877110.65475,"upper_bound":291182520.94},"point_estimate":291024744.56,"standard_error":78109.00605619063},"median":{"confidence_interval":{"confidence_level":0.95,"lower_bound":290657662.0,"upper_bound":290965092.0},"point_estimate":290817867.0,"standard_error":80825.8458992743},"median_abs_dev":{"confidence_interval":{"confidence_level":0.95,"lower_bound":453258.9813530445,"upper_bound":781938.0521178246},"point_estimate":620994.4119751453,"standard_error":82812.54721599298},"slope":null,"std_dev":{"confidence_interval":{"confidence_level":0.95,"lower_bound":638169.888146378,"upper_bound":906181.6196037788},"point_estimate":783421.1883642585,"standard_error":68555.1772774152}}